Tên Game,Mô Tả Game,iframe URL,Danh Mục,Định Dạng Hình
1v1 LOL,,https://game.monkeymart.one/projects/1v1.lol/,skill,png
2048,,https://game.monkeymart.one/projects/2048/,puzzle,png
9.01E+15,,https://game.monkeymart.one/projects/9007199254740992/,puzzle,png
ages-of-conflict,,https://game.monkeymart.one/projects/ages-of-conflict/,adventure,png
among-us,,https://game.monkeymart.one/projects/among-us/,skill,png
a-small-world-cup,,https://game.monkeymart.one/projects/a-small-world-cup/,sports,jpg
assets,,https://game.monkeymart.one/emulation/webretro/assets/,skill,png
baldis-basics,,https://game.monkeymart.one/projects/baldis-basics/,adventure,png
ball-sort-puzzle,,https://game.monkeymart.one/projects/ball-sort-puzzle/,puzzle,png
basket-and-ball,,https://game.monkeymart.one/projects/basket-and-ball/,sports,png
basket-random,,https://game.monkeymart.one/projects/basket-random/,sports,jpeg
bitlife,,https://game.monkeymart.one/projects/bitlife/,skill,png
blackjack,,https://game.monkeymart.one/projects/blackjack/,skill,png
block-the-pig,,https://game.monkeymart.one/projects/block-the-pig/,puzzle,png
bloons-td,,https://game.monkeymart.one/flash/bloons-td/,strategy,png
bloons-td-2,,https://game.monkeymart.one/flash/bloons-td-2/,strategy,png
bloons-td-3,,https://game.monkeymart.one/flash/bloons-td-3/,strategy,png
bloons-td-4,,https://game.monkeymart.one/flash/bloons-td-4/,strategy,png
boxing-random,,https://game.monkeymart.one/projects/boxing-random/,sports,jpg
bundle,,https://game.monkeymart.one/emulation/webretro/bundle/,skill,png
cell-machine,,https://game.monkeymart.one/projects/cell-machine/,puzzle,png
chrome-dino,,https://game.monkeymart.one/projects/chrome-dino/,running,jpg
circlo,,https://game.monkeymart.one/projects/circlo/,skill,jpg
cookie-clicker,,https://game.monkeymart.one/projects/cookie-clicker/,skill,jpg
core-ball,,https://game.monkeymart.one/projects/core-ball/,skill,png
cores,,https://game.monkeymart.one/emulation/webretro/cores/,skill,png
ctr-time-travel,,https://game.monkeymart.one/projects/ctr-time-travel/,skill,png
death-run-3d,,https://game.monkeymart.one/projects/death-run-3d/,running,png
doodle-jump,,https://game.monkeymart.one/projects/doodle-jump/,running,png
drift-boss,,https://game.monkeymart.one/projects/drift-boss/,car,png
drift-hunters,,https://game.monkeymart.one/projects/drift-hunters/,car,png
duck-life,,https://game.monkeymart.one/flash/duck-life/,adventure,png
duck-life-2,,https://game.monkeymart.one/flash/duck-life-2/,adventure,png
duck-life-3,,https://game.monkeymart.one/flash/duck-life-3/,adventure,png
ducklife4,,https://game.monkeymart.one/projects/ducklife4/,adventure,jpg
duck-life-4,,https://game.monkeymart.one/flash/duck-life-4/,adventure,png
eaglercraft,,https://game.monkeymart.one/projects/eaglercraft/,adventure,png
edge-surf,,https://game.monkeymart.one/projects/edge-surf/,running,jpg
embed,,https://game.monkeymart.one/emulation/webretro/embed/,skill,png
fireboy-and-watergirl-1,,https://game.monkeymart.one/projects/fireboy-and-watergirl-1/,2-player,png
fireboy-and-watergirl-2,,https://game.monkeymart.one/projects/fireboy-and-watergirl-2/,2-player,png
fireboy-and-watergirl-3,,https://game.monkeymart.one/projects/fireboy-and-watergirl-3/,2-player,png
fireboy-and-watergirl-4,,https://game.monkeymart.one/projects/fireboy-and-watergirl-4/,2-player,png
fireboy-and-watergirl-5,,https://game.monkeymart.one/projects/fireboy-and-watergirl-5/,2-player,png
fireboy-and-watergirl-6,,https://game.monkeymart.one/projects/fireboy-and-watergirl-6/,2-player,png
flappy-bird,,https://game.monkeymart.one/projects/flappy-bird/,skill,png
fnaf-1,,https://game.monkeymart.one/projects/fnaf-1/,adventure,png
fnaf-2,,https://game.monkeymart.one/projects/fnaf-2/,adventure,png
fnaf-3,,https://game.monkeymart.one/projects/fnaf-3/,adventure,jpg
fnaf-4,,https://game.monkeymart.one/projects/fnaf-4/,adventure,jpg
fnaf-5,,https://game.monkeymart.one/projects/fnaf-5/,adventure,jpg
fnaf-ucn,,https://game.monkeymart.one/projects/fnaf-ucn/,adventure,png
fruit-ninja,,https://game.monkeymart.one/projects/fruit-ninja/,skill,png
geodash,,https://game.monkeymart.one/projects/geodash/,skill,png
geodash-subzero,,https://game.monkeymart.one/projects/geodash-subzero/,skill,png
google-feud,,https://game.monkeymart.one/projects/google-feud/,skill,png
google-snake,,https://game.monkeymart.one/projects/google-snake/,skill,jpg
gta-advance,,https://game.monkeymart.one/emulation/GBA/gta-advance/,car,png
hextris,,https://game.monkeymart.one/projects/hextris/,puzzle,png
idle-breakout,,https://game.monkeymart.one/projects/idle-breakout/,skill,jpg
info,,https://game.monkeymart.one/emulation/webretro/info/,skill,jpg
legend-of-zelda-link-to-the-past,,https://game.monkeymart.one/emulation/SNES/legend-of-zelda-link-to-the-past/,adventure,png
legend-of-zelda-minish-cap,,https://game.monkeymart.one/emulation/GBA/legend-of-zelda-minish-cap/,adventure,png
little-alchemy,,https://game.monkeymart.one/projects/little-alchemy/,puzzle,png
madalin-stunt-cars-2,,https://game.monkeymart.one/projects/madalin-stunt-cars-2/,car,png
madalin-stunt-cars-3,,https://game.monkeymart.one/projects/madalin-stunt-cars-3/,car,png
mario,,https://game.monkeymart.one/projects/mario/,adventure,png
mario-party,,https://game.monkeymart.one/emulation/N64/mario-party/,adventure,jpg
mario-party-2,,https://game.monkeymart.one/emulation/N64/mario-party-2/,adventure,png
mario-party-3,,https://game.monkeymart.one/emulation/N64/mario-party-3/,adventure,png
minecraft,,https://game.monkeymart.one/projects/minecraft/,adventure,png
minesweeper,,https://game.monkeymart.one/projects/minesweeper/,puzzle,png
moto-x3m,,https://game.monkeymart.one/projects/moto-x3m/,moto,png
moto-x3m-2,,https://game.monkeymart.one/projects/moto-x3m-2/,moto,png
moto-x3m-pool-party,,https://game.monkeymart.one/projects/moto-x3m-pool-party/,moto,png
moto-x3m-spooky-land,,https://game.monkeymart.one/projects/moto-x3m-spooky-land/,moto,png
moto-x3m-winter,,https://game.monkeymart.one/projects/moto-x3m-winter/,moto,jpg
ms-solitaire,,https://game.monkeymart.one/projects/ms-solitaire/,puzzle,png
ocarina-of-time,,https://game.monkeymart.one/emulation/N64/ocarina-of-time/,adventure,png
pacman,,https://game.monkeymart.one/projects/pacman/,arcade,png
papas-burgeria,,https://game.monkeymart.one/flash/papas-burgeria/,skill,png
papas-freezeria,,https://game.monkeymart.one/flash/papas-freezeria/,skill,png
papas-pancakeria,,https://game.monkeymart.one/flash/papas-pancakeria/,skill,png
papas-pizzeria,,https://game.monkeymart.one/flash/papas-pizzeria/,skill,png
paperio2,,https://game.monkeymart.one/projects/paperio2/,multiplayer,jpeg
papery-planes,,https://game.monkeymart.one/projects/papery-planes/,skill,png
pokemon-black,,https://game.monkeymart.one/emulation/DS/pokemon-black/,adventure,png
pokemon-emerald,,https://game.monkeymart.one/emulation/GBA/pokemon-emerald/,adventure,png
pokemon-fire-red,,https://game.monkeymart.one/emulation/GBA/pokemon-fire-red/,adventure,png
pokemon-leaf-green,,https://game.monkeymart.one/emulation/GBA/pokemon-leaf-green/,adventure,png
pokemon-ruby,,https://game.monkeymart.one/emulation/GBA/pokemon-ruby/,adventure,jpg
pokemon-sapphire,,https://game.monkeymart.one/emulation/GBA/pokemon-sapphire/,adventure,png
pokemon-white,,https://game.monkeymart.one/emulation/DS/pokemon-white/,adventure,jpg
poker,,https://game.monkeymart.one/projects/poker/,skill,jpg
project-sand,,https://game.monkeymart.one/projects/project-sand/,skill,png
retro-bowl,,https://game.monkeymart.one/projects/retro-bowl/,sports,jpg
retro-bowl-college,,https://game.monkeymart.one/projects/retro-bowl-college/,sports,png
riddle-school,,https://game.monkeymart.one/flash/riddle-school/,adventure,png
riddle-school-2,,https://game.monkeymart.one/flash/riddle-school-2/,adventure,jpg
riddle-school-3,,https://game.monkeymart.one/flash/riddle-school-3/,adventure,jpg
riddle-school-4,,https://game.monkeymart.one/flash/riddle-school-4/,adventure,png
riddle-school-5,,https://game.monkeymart.one/flash/riddle-school-5/,adventure,png
riddle-transfer,,https://game.monkeymart.one/flash/riddle-transfer/,adventure,png
riddle-transfer-2,,https://game.monkeymart.one/flash/riddle-transfer-2/,adventure,jpg
rocketpult,,https://game.monkeymart.one/projects/rocketpult/,skill,png
rooftop-snipers,,https://game.monkeymart.one/projects/rooftop-snipers/,2-player,jpg
run-3,,https://game.monkeymart.one/flash/run-3/,running,png
sandtrix,,https://game.monkeymart.one/projects/sandtrix/,puzzle,jpg
save-the-doge,,https://game.monkeymart.one/projects/save-the-doge/,skill,jpg
slope,,https://game.monkeymart.one/projects/slope/,3d,jpg
smash-karts,,https://game.monkeymart.one/projects/smash-karts/,car,png
snail-bob,,https://game.monkeymart.one/projects/snail-bob/,puzzle,png
snail-bob-2,,https://game.monkeymart.one/projects/snail-bob-2/,puzzle,png
snail-bob-3,,https://game.monkeymart.one/projects/snail-bob-3/,puzzle,png
snail-bob-4,,https://game.monkeymart.one/projects/snail-bob-4/,puzzle,png
snail-bob-5,,https://game.monkeymart.one/projects/snail-bob-5/,puzzle,png
snail-bob-6,,https://game.monkeymart.one/projects/snail-bob-6/,puzzle,png
snail-bob-7,,https://game.monkeymart.one/projects/snail-bob-7/,puzzle,png
snail-bob-8,,https://game.monkeymart.one/projects/snail-bob-8/,puzzle,png
soccer-random,,https://game.monkeymart.one/projects/soccer-random/,sports,png
solitaire,,https://game.monkeymart.one/projects/solitaire/,puzzle,png
sonic-advance,,https://game.monkeymart.one/emulation/GBA/sonic-advance/,adventure,png
sonic-advance-2,,https://game.monkeymart.one/emulation/GBA/sonic-advance-2/,adventure,png
sonic-advance-3,,https://game.monkeymart.one/emulation/GBA/sonic-advance-3/,adventure,png
source,,https://game.monkeymart.one/emulation/webretro/source/,skill,png
stack,,https://game.monkeymart.one/projects/stack/,skill,png
star-fox-64,,https://game.monkeymart.one/emulation/N64/star-fox-64/,shooting,png
stickman-hook,,https://game.monkeymart.one/projects/stickman-hook/,stickman,png
subway-surfers-san-francisco,,https://game.monkeymart.one/projects/subway-surfers-san-francisco/,running,png
subway-surfers-unity,,https://game.monkeymart.one/projects/subway-surfers-unity/,running,png
super-mario-64,,https://game.monkeymart.one/emulation/N64/super-mario-64/,adventure,png
super-mario-bros,,https://game.monkeymart.one/emulation/NES/super-mario-bros/,adventure,png
super-mario-bros-2,,https://game.monkeymart.one/emulation/NES/super-mario-bros-2/,adventure,png
super-mario-bros-3,,https://game.monkeymart.one/emulation/NES/super-mario-bros-3/,adventure,png
super-mario-kart,,https://game.monkeymart.one/emulation/SNES/super-mario-kart/,racing,png
super-mario-world,,https://game.monkeymart.one/emulation/SNES/super-mario-world/,adventure,png
super-mario-world-two,,https://game.monkeymart.one/emulation/SNES/super-mario-world-two/,adventure,png
super-smash-flash,,https://game.monkeymart.one/flash/super-smash-flash/,fighting,png
super-smash-flash-2,,https://game.monkeymart.one/flash/super-smash-flash-2/,fighting,png
temple-run-2,,https://game.monkeymart.one/projects/temple-run-2/,running,png
tetris,,https://game.monkeymart.one/emulation/NES/tetris/,puzzle,png
totm,,https://game.monkeymart.one/projects/totm/,skill,png
tunnel-rush,,https://game.monkeymart.one/projects/tunnel-rush/,3d,png
uauth,,https://game.monkeymart.one/emulation/webretro/uauth/,skill,png
utils,,https://game.monkeymart.one/emulation/webretro/utils/,skill,png
vex3,,https://game.monkeymart.one/projects/vex3/,platformer,png
vex4,,https://game.monkeymart.one/projects/vex4/,platformer,png
vex5,,https://game.monkeymart.one/projects/vex5/,platformer,png
vex6,,https://game.monkeymart.one/projects/vex6/,platformer,png
volley-random,,https://game.monkeymart.one/projects/volley-random/,sports,png
waterworks,,https://game.monkeymart.one/projects/waterworks/,puzzle,png
wbwwb,,https://game.monkeymart.one/projects/wbwwb/,skill,png
